category,sub_category,location_city,location_state,date_recorded,buying_price_inr,unit,market_range_low,market_range_high
PCB,Motherboard,Mumbai,Maharashtra,2023-11-01,110,kg,80,140
PCB,RAM,Pune,Maharashtra,2023-11-02,120,kg,80,140
Cable,Copper Wire,Delhi,Delhi,2023-11-03,360,kg,280,450
Cable,Aluminum Wire,Bangalore,Karnataka,2023-11-04,300,kg,280,450
Battery,Lead Acid,Chennai,Tamil Nadu,2023-11-05,35,kg,15,50
Battery,Li-ion,Hyderabad,Telangana,2023-11-06,45,kg,15,50
CRT,TV Screen,Mumbai,Maharashtra,2023-11-07,12,kg,5,18
LCD,Monitor,Pune,Maharashtra,2023-11-08,50,kg,30,70
Motor,Compressor,Delhi,Delhi,2023-11-09,65,kg,40,90
Plastic,ABS Casing,Bangalore,Karnataka,2023-11-10,15,kg,5,22
Mixed,Unsorted,Chennai,Tamil Nadu,2023-11-11,28,kg,10,40
Other,Metal Scrap,Hyderabad,Telangana,2023-11-12,22,kg,10,35
PCB,Motherboard,Mumbai,Maharashtra,2023-11-13,105,kg,80,140
Cable,Copper Wire,Pune,Maharashtra,2023-11-14,370,kg,280,450
Battery,Lead Acid,Delhi,Delhi,2023-11-15,32,kg,15,50
CRT,Monitor,Bangalore,Karnataka,2023-11-16,10,kg,5,18
LCD,Laptop Screen,Chennai,Tamil Nadu,2023-11-17,48,kg,30,70
Motor,Fan Motor,Hyderabad,Telangana,2023-11-18,58,kg,40,90
Plastic,PC Polycarbonate,Mumbai,Maharashtra,2023-11-19,18,kg,5,22
Mixed,Unsorted,Pune,Maharashtra,2023-11-20,24,kg,10,40
PCB,Motherboard,Delhi,Delhi,2023-11-21,115,kg,80,140
Cable,Copper Wire,Bangalore,Karnataka,2023-11-22,355,kg,280,450
Battery,Li-ion,Chennai,Tamil Nadu,2023-11-23,42,kg,15,50
LCD,Monitor,Hyderabad,Telangana,2023-11-24,52,kg,30,70
Motor,Compressor,Mumbai,Maharashtra,2023-11-25,62,kg,40,90
Plastic,ABS Casing,Pune,Maharashtra,2023-11-26,14,kg,5,22
Mixed,Unsorted,Delhi,Delhi,2023-11-27,26,kg,10,40
Other,Metal Scrap,Bangalore,Karnataka,2023-11-28,21,kg,10,35
PCB,RAM,Chennai,Tamil Nadu,2023-11-29,125,kg,80,140
Cable,Aluminum Wire,Hyderabad,Telangana,2023-11-30,310,kg,280,450
Battery,Lead Acid,Mumbai,Maharashtra,2023-12-01,34,kg,15,50
CRT,TV Screen,Pune,Maharashtra,2023-12-02,11,kg,5,18
LCD,Monitor,Delhi,Delhi,2023-12-03,47,kg,30,70
Motor,Fan Motor,Bangalore,Karnataka,2023-12-04,60,kg,40,90
Plastic,PC Polycarbonate,Chennai,Tamil Nadu,2023-12-05,17,kg,5,22
Mixed,Unsorted,Hyderabad,Telangana,2023-12-06,27,kg,10,40
PCB,Motherboard,Mumbai,Maharashtra,2023-12-07,112,kg,80,140
Cable,Copper Wire,Pune,Maharashtra,2023-12-08,365,kg,280,450
Battery,Li-ion,Delhi,Delhi,2023-12-09,46,kg,15,50
CRT,Monitor,Bangalore,Karnataka,2023-12-10,13,kg,5,18
LCD,Laptop Screen,Chennai,Tamil Nadu,2023-12-11,49,kg,30,70
Motor,Compressor,Hyderabad,Telangana,2023-12-12,66,kg,40,90
Plastic,ABS Casing,Mumbai,Maharashtra,2023-12-13,16,kg,5,22
Mixed,Unsorted,Pune,Maharashtra,2023-12-14,29,kg,10,40
Other,Metal Scrap,Delhi,Delhi,2023-12-15,23,kg,10,35
PCB,RAM,Bangalore,Karnataka,2023-12-16,130,kg,80,140
Cable,Aluminum Wire,Chennai,Tamil Nadu,2023-12-17,295,kg,280,450
Battery,Lead Acid,Hyderabad,Telangana,2023-12-18,36,kg,15,50
LCD,Monitor,Mumbai,Maharashtra,2023-12-19,46,kg,30,70
Motor,Fan Motor,Pune,Maharashtra,2023-12-20,61,kg,40,90
